price,volume,tx_count,fee,difficulty,spread,attack_type,is_anomaly
49660.20344,869.7286212,526.1257053,0.000123502,1.00003E+12,0.553097566,normal,0
49758.83599,1064.271443,451.4171633,1.48E-05,9.9888E+11,0.516801534,normal,0
49746.60846,871.2963539,534.0108053,0.000119449,9.99392E+11,0.530734562,normal,0
50048.2531,741.0637049,460.6108124,9.83E-05,9.99014E+11,0.585007933,normal,0
49684.08833,1517.912728,517.0025647,9.32E-05,1.00057E+12,0.481332104,normal,0
50129.4212,1024.459501,467.0941755,7.15E-05,1.00125E+12,0.663506639,normal,0
49726.74783,1208.832175,484.8410109,0.000161178,9.99902E+11,0.597310156,normal,0
50072.97844,1217.542085,520.4719265,0.000116391,1.00146E+11,0.625514579,51% Vulnerability,1
50094.00728,1359.175535,542.3710839,0.000112769,9.99168E+11,0.470824137,normal,0
50693.84531,938.1767072,535.9092863,0.000109991,1.00048E+12,0.525131665,normal,0
49863.17074,709.8144218,463.8017635,2.77E-05,99617126003,0.502010647,51% Vulnerability,1
49823.14109,1140.234548,521.5961272,9.20E-05,9.99848E+11,0.576624298,normal,0
50120.47347,1009.772014,432.7064538,2.41E-05,9.99308E+11,0.390785841,normal,0
50048.1353,1181.592463,2650.648241,0.000219086,1.00031E+12,0.619108585,DDOS,1
49470.69552,1149.250713,547.6437274,1.03E-05,9.99624E+11,0.57319555,normal,0
49633.80818,1022.654082,553.6489024,0.000109807,9.98457E+11,0.494209225,normal,0
49434.85405,1176.621955,524.1124476,0.000204302,9.99731E+11,0.500878365,normal,0
50112.85664,683.5553667,2714.837972,7.67E-06,1.00294E+12,0.41823176,DDOS,1
50165.6538,1061.964142,561.8065361,0.00013725,9.99502E+11,0.672622655,normal,0
50038.60737,1095.408165,537.3955128,6.27E-05,1.00035E+12,0.628381686,normal,0
49371.83088,749.6921152,464.5796617,0.00012554,1.00005E+12,0.475092816,normal,0
49910.79198,994.1567188,559.3072737,0.000119518,1.00067E+11,0.535973898,51% Vulnerability,1
49614.78713,1321.469115,487.4230557,4.89E-05,9.99452E+11,0.424123474,normal,0
49683.03504,1176.731987,481.4994485,8.52E-05,1.00115E+12,0.423864473,normal,0
49582.22567,864.456926,529.220649,0.000137986,1.00123E+12,0.460012176,normal,0
49547.52166,1214.501467,475.6385718,6.94E-05,9.98898E+11,0.481614611,normal,0
49726.81982,755.1403527,589.7605678,0.000122795,9.98594E+11,0.417388801,normal,0
50003.54651,1044.936945,544.5191582,6.10E-05,9.99191E+11,0.563245422,normal,0
50138.80449,1094.939647,527.884553,7.64E-05,9.99805E+11,0.496125711,normal,0
49696.88077,1134.63627,544.3827713,0.000115659,1.00063E+12,0.485847425,normal,0
49649.70914,940.919718,458.7294735,9.17E-05,9.99374E+11,0.387846985,normal,0
49901.72717,673.597023,567.5507876,0.002992649,9.9865E+11,0.481669929,Double Spending,1
49981.06665,773.9642541,2923.005,4.01E-05,1.00042E+12,0.507896405,DDOS,1
49887.61207,1174.013546,526.0561214,0.000186943,1.00037E+12,0.441088787,normal,0
50290.29602,815.8652814,449.8906272,4.72E-05,1.0001E+12,0.452868428,normal,0
49915.196,735.3820413,484.6019235,0.000111027,9.99163E+11,0.403384328,normal,0
49753.16013,1065.752482,520.3526144,8.17E-05,9.99916E+11,0.44490182,normal,0
49782.92786,1365.201943,550.3756845,8.76E-05,1.00017E+12,0.182329619,normal,0
49755.43204,1084.719813,497.7294391,9.26E-05,9.99284E+11,0.431328466,normal,0
49961.6389,1047.757832,523.3846586,3.52E-05,1.00037E+12,0.442207922,normal,0
49686.19819,1209.419661,499.2773865,0.000142699,9.99604E+11,0.550014303,normal,0
49807.92168,754.8468674,459.519824,8.32E-05,9.99304E+11,0.617344228,normal,0
49432.72757,806.6047714,547.6568317,8.35E-05,9.99897E+11,0.433315128,normal,0
49806.8314,883.89531,533.2962126,4.23E-05,9.99921E+11,0.492412855,normal,0
49624.29846,1011.402625,411.0706208,9.03E-05,1.00031E+12,0.632041401,normal,0
50133.38385,877.3194673,428.8021424,8.29E-05,9.97804E+11,0.420911821,normal,0
50186.59701,1088.094948,556.0515334,0.000296312,9.99818E+11,0.515808923,normal,0
49367.69926,885.764202,548.47286,0.000131103,9.98888E+11,0.608005606,normal,0
50058.67041,1417.674941,454.713385,0.00011749,1.00044E+12,0.341641161,normal,0
50223.89359,879.7264712,473.7955801,0.00013841,1.00032E+12,0.554578671,normal,0
50040.33542,975.8103703,445.4149562,2.67E-05,9.99219E+11,0.365992793,normal,0
49388.96661,1070.411079,496.9669593,0.000175964,9.99373E+11,0.504749347,normal,0
49448.63778,1229.72747,449.0167831,0.000101502,1E+12,0.588707978,normal,0
50352.82872,819.2184717,450.2825313,7.15E-05,9.99876E+11,0.666535192,normal,0
49459.77098,1113.953456,420.9404649,0.000108592,1.0005E+12,0.559144215,normal,0
50242.30564,804.014885,520.937998,6.09E-05,99906440524,0.671102881,51% Vulnerability,1
49733.26262,1354.450319,453.524457,0.00024342,1.00142E+12,0.479437215,normal,0
50157.77144,975.1428446,2175.39874,0.000157992,9.98602E+11,0.609210678,DDOS,1
50020.98933,1455.165086,2552.578143,0.000105358,9.99898E+11,0.629075842,DDOS,1
50781.78229,1038.409823,535.7690658,0.000127174,1.00118E+12,0.586143653,normal,0
50007.85588,913.6759375,443.4555782,6.36E-05,1.00001E+12,0.64780719,normal,0
49430.05106,984.4325606,438.1168789,4.93E-05,9.98164E+11,0.476231668,normal,0
49660.81583,1033.692195,647.4547213,0.000103929,1.00049E+12,0.570935251,normal,0
49658.74305,883.3845123,450.9417234,0.000174747,9.98877E+11,0.561973878,normal,0
49971.56721,935.0337233,546.8785069,0.000109705,1.00004E+12,0.565540383,normal,0
49655.11013,992.2983061,494.5195098,0.000127907,9.98521E+11,0.568023021,normal,0
50022.53751,677.2877204,490.9387913,0.000181593,9.98388E+11,0.501938124,normal,0
49750.00693,1028.177249,451.8120537,7.91E-05,1.00063E+12,0.609654712,normal,0
49449.80607,1039.519921,540.5404137,0.000176618,9.99243E+11,0.493892433,normal,0
49920.01729,1201.963418,510.6646854,7.43E-05,1.00031E+12,0.469953405,normal,0
50242.44943,1327.823361,438.9643787,0.000173634,9.99449E+11,0.208574401,normal,0
49464.38232,785.9830467,462.4015334,6.08E-05,1.00194E+12,0.502731338,normal,0
49608.45388,909.5387362,445.4800461,0.000117483,9.99802E+11,0.262834064,normal,0
50208.90024,1002.070524,579.0270343,7.08E-05,9.99628E+11,0.508127842,normal,0
49885.80688,1191.061042,507.1694234,0.00014151,1.00045E+12,0.384650757,normal,0
50270.44872,931.1872087,489.3062416,0.00010757,99924029523,0.533164767,51% Vulnerability,1
49412.39555,1184.926737,588.7655446,0.000154549,9.98432E+11,0.607192987,normal,0
49801.16106,1358.911573,554.2991058,4.44E-05,1.00106E+12,0.489871928,normal,0
50126.92905,856.3185469,519.5232425,6.35E-05,9.99187E+11,0.644194501,normal,0
50041.29569,800.3575483,522.9497001,0.000118341,99742354334,0.483174087,51% Vulnerability,1
49611.75253,839.3642099,541.4866209,6.44E-05,1.00136E+12,0.606008974,normal,0
49914.68016,1415.349597,494.7025823,4.79E-05,1.00074E+12,0.555338898,normal,0
50400.86696,1113.796616,477.3375795,1.80E-05,1.00018E+12,0.29826612,normal,0
49604.01784,1313.104806,478.5348888,7.78E-05,1.00115E+12,0.669943598,normal,0
49971.38482,1334.971935,536.9837734,0.00374,9.99387E+11,0.497875522,Double Spending,1
49917.60563,983.856684,481.5194832,5.76E-05,9.98886E+11,0.667737709,normal,0
49399.56728,1004.158742,460.8117167,4.23E-05,9.99485E+11,0.580803619,normal,0
49571.47692,1217.749724,572.4249615,5.06E-05,1.00011E+12,0.449876589,normal,0
49859.81,771.6621772,448.5314246,0.000159175,1.00075E+12,0.448174736,normal,0
49573.54658,1130.040236,491.9933602,5.76E-05,1.0005E+12,0.694834264,normal,0
50128.29882,957.723154,2044.333623,7.47E-05,1.0012E+12,0.44520947,DDOS,1
50184.44156,890.7511103,574.2058014,7.22E-05,1.00133E+12,0.350274235,normal,0
49430.24788,1360.188087,464.042334,3.84E-05,1.00042E+12,0.503240701,normal,0
50139.52838,1429.029826,546.3107701,0.000164794,9.99447E+11,0.489418124,normal,0
50074.10324,1024.695962,2948.666298,0.000141362,1.00207E+12,0.418139497,DDOS,1
50312.80859,802.0743727,553.0104954,3.74E-05,1.00079E+12,0.481173866,normal,0
50083.39618,925.4333696,496.4200374,0.000126107,9.98584E+11,0.637391439,normal,0
49994.34551,1010.389177,482.8403862,5.37E-05,9.99965E+11,0.454136136,normal,0
49788.99356,770.7309214,480.5740773,0.000185205,1.00007E+12,0.614429307,normal,0
50240.08985,726.6242603,467.9256545,0.000121274,1.00043E+12,0.413173904,normal,0
49663.87244,1336.785538,527.3142124,0.000120743,1.00107E+12,0.364306443,normal,0
49951.05775,1145.525909,513.4563471,7.94E-05,9.9901E+11,0.441066777,normal,0
49483.82651,606.7286821,445.7087436,0.000136983,1.00019E+12,0.524124025,normal,0
50371.25083,1066.176046,518.8204763,0.0001603,9.98611E+11,0.475138415,normal,0
49703.23967,795.1626351,444.173778,6.32E-05,9.98811E+11,0.635111409,normal,0
49906.6695,1199.602022,411.3483766,0.000109192,1.00041E+12,0.404122154,normal,0
50240.57192,806.331109,411.5462048,0.000119149,9.98652E+11,0.392015755,normal,0
49671.13127,766.0166329,544.5099206,0.000109236,1.00114E+12,0.598268314,normal,0
49751.92375,1412.504984,501.269421,0.000125139,9.99583E+11,0.662388499,normal,0
50086.53822,914.1188918,456.6434892,7.88E-05,1.00033E+12,0.593747749,normal,0
49843.68766,1040.231931,545.9227222,0.000103907,9.99653E+11,0.550502109,normal,0
49637.70481,1059.858516,536.538206,0.0001155,1.00039E+12,0.469438939,normal,0
50181.52184,941.0100643,513.2681175,0.000134275,1.00023E+12,0.505586394,normal,0
49585.40613,710.3972199,424.7639813,0.000109865,9.99639E+11,0.57547333,normal,0
49984.43971,430.2914759,611.5650073,5.98E-05,1.00011E+12,0.684936214,normal,0
50012.77041,1025.044901,541.2549132,9.77E-05,9.99414E+11,0.478403948,normal,0
50178.17887,832.9305893,571.1374068,0.000104903,1.00066E+12,0.498338966,normal,0
50436.23028,870.144491,551.9555894,0.000116203,1.00001E+12,0.563732468,normal,0
50026.96738,1239.3143,476.4978926,2.43E-05,9.98501E+11,0.400557148,normal,0
49667.83637,966.5756572,476.7797869,0.000102066,1.00024E+12,0.308868311,normal,0
49610.36775,925.5586448,555.8699408,0.000114188,9.99554E+11,0.544739394,normal,0
50408.2494,970.5995997,560.1942219,0.000110736,9.98772E+11,0.42670311,normal,0
49706.83289,1369.341465,419.1844696,6.87E-05,1.00089E+12,0.520323595,normal,0
49513.45437,1276.431798,453.6323433,0.000142422,1.0007E+12,0.620660815,normal,0
50079.30645,939.5060627,486.6673835,0.000108523,9.99838E+11,0.50340081,normal,0
49990.11885,935.5359062,524.1343944,4.88E-05,1.00052E+12,0.510079107,normal,0
49979.64702,922.459688,495.4733359,7.96E-05,9.99853E+11,0.54935602,normal,0
49368.94305,1078.697077,466.4689895,0.000152254,9.99968E+11,0.58468821,normal,0
49688.75504,979.9691847,463.9131223,0.000130162,9.985E+11,0.524020584,normal,0
50321.39002,1245.533798,440.5294054,5.26E-05,9.99107E+11,0.570344013,normal,0
49597.77151,1117.272804,570.0799296,6.44E-05,9.9968E+11,0.447053304,normal,0
50298.04731,858.9976288,483.5690762,0.000156781,1.00065E+12,0.524608362,normal,0
49969.7137,1069.297695,497.4303138,0.000115055,9.99569E+11,0.38058106,normal,0
49971.17125,960.7300302,504.8991577,0.000109071,1.00046E+12,0.500132569,normal,0
49378.39431,1011.926074,440.3181584,0.000200614,1.00035E+12,0.412071722,normal,0
49411.7996,1005.377168,489.5941571,0.000130623,9.9984E+11,0.558529944,normal,0
49323.65273,983.5697643,409.8430162,6.71E-05,9.99498E+11,0.540421287,normal,0
49562.89344,785.5721976,587.4791952,0.000170927,1.00062E+12,0.290064374,normal,0
49651.77697,1158.852936,552.3658853,8.92E-05,9.99392E+11,0.652874785,normal,0
49804.3696,764.1920418,479.1316593,0.000155295,9.98437E+11,0.5956295,normal,0
50132.36706,861.4189604,493.1314106,0.000117923,9.99989E+11,0.298007267,normal,0
50043.8196,1110.497991,499.5349839,0.000186235,1.00018E+12,0.629127384,normal,0
49724.18397,1093.754851,427.517739,0.000138596,9.98968E+11,0.604006182,normal,0
49718.09697,1113.101929,599.7833745,4.81E-05,9.98633E+11,0.618156772,normal,0
49484.95805,1141.800752,544.8419658,5.26E-05,9.98252E+11,0.619548065,normal,0
50290.49387,987.4813744,434.55898,7.08E-05,9.98214E+11,0.441554471,normal,0
49668.87571,786.4934171,404.0163422,0.000189818,9.99937E+11,0.538316819,normal,0
49557.73379,954.7042216,583.6726045,0.000118381,9.99937E+11,0.53268554,normal,0
50389.0814,1046.757182,422.3120617,9.07E-05,9.99007E+11,0.338328663,normal,0
50045.87166,911.3435498,604.9860895,0.000111263,1.00095E+12,0.60294131,normal,0
49772.4544,952.2135802,508.7605709,9.61E-05,9.97608E+11,0.382107651,normal,0
49731.78148,902.4177184,539.53128,0.000107018,1.00153E+12,0.529156368,normal,0
49767.87507,1136.378298,539.9970951,0.000154823,1.00227E+12,0.422090726,normal,0
50318.3045,1189.910827,509.4853084,0.00013573,9.99607E+11,0.660433911,normal,0
49739.6613,879.5575879,495.8281015,9.14E-05,1.00123E+12,0.674813707,normal,0
50097.56829,670.9202506,453.0048449,0.000134068,9.97867E+11,0.521930234,normal,0
49740.49062,800.3229122,453.9070093,0.000122065,1.0006E+12,0.426022884,normal,0
49968.68799,1199.253364,603.7041335,7.54E-05,1.0019E+12,0.584580287,normal,0
50329.11182,1064.339561,417.8405594,9.22E-05,9.98567E+11,0.453086915,normal,0
49666.34058,681.0593865,462.0752333,0.000109474,9.99776E+11,0.554339083,normal,0
49810.81062,1237.894098,536.2547893,0.000195207,1.00249E+12,0.521668312,normal,0
50040.90504,813.3464082,496.6933693,0.00010092,1.00055E+12,0.474723674,normal,0
49559.94778,1152.082931,500.9424811,8.68E-05,9.98949E+11,0.422350086,normal,0
49844.64707,711.9898235,455.9062674,5.81E-05,1.00033E+12,0.49426093,normal,0
49884.67749,872.2076505,460.379004,4.48E-05,9.99084E+11,0.587282435,normal,0
50053.57332,1086.008329,424.8514836,8.24E-05,1.00027E+12,0.340524404,normal,0
49635.33488,1148.419074,439.4414035,9.07E-05,1.00006E+12,0.775521774,normal,0
50115.64344,996.9380302,437.4796133,0.000115873,9.98585E+11,0.37300014,normal,0
50007.81095,659.619554,445.1889838,0.005957152,1.00011E+12,0.609018347,Double Spending,1
50630.2454,842.8021079,482.2979645,1.73E-05,9.9903E+11,0.396293393,normal,0
49986.3795,789.2329009,437.8876733,0.001619562,9.99314E+11,0.496341003,Double Spending,1
49697.42523,1520.336623,512.5100103,8.13E-05,1.00047E+12,0.51488768,normal,0
50121.42428,1108.659606,484.8136986,0.000116475,9.99552E+11,0.631169345,normal,0
49492.49677,990.8827967,553.8003569,0.000100781,9.99817E+11,0.405960108,normal,0
49404.66062,1139.644663,550.0291159,0.000112465,9.9816E+11,0.487482557,normal,0
49651.41884,1241.673246,456.8612118,5.84E-06,1.00281E+12,0.387995258,normal,0
50055.73012,751.2273529,542.5448981,7.32E-05,1.00032E+12,0.506783851,normal,0
50069.09745,1243.431704,521.0047245,8.60E-05,1.00187E+12,0.504128746,normal,0
49800.72843,795.441487,459.7064967,7.57E-05,9.98934E+11,0.451717241,normal,0
49608.64924,1174.491466,505.751304,8.91E-05,9.99787E+11,0.519189774,normal,0
49426.35825,1209.910543,514.4346815,8.24E-05,9.99887E+11,0.554090852,normal,0
50642.10429,936.7183101,486.8554585,0.000199364,1.00018E+12,0.394489232,normal,0
49575.45636,1312.302239,452.303029,0.000160949,9.98667E+11,0.434934017,normal,0
49507.79816,914.7284808,534.1664496,0.000156093,1.00099E+12,0.5155325,normal,0
49895.88276,945.039539,628.5997659,0.001042615,9.99943E+11,0.529353753,Double Spending,1
50349.651,848.8509681,511.5350453,0.000194384,9.98893E+11,0.557797852,normal,0
49557.21209,926.9356897,580.8606287,5.68E-05,9.99588E+11,0.484988305,normal,0
49562.08314,935.4640322,369.7893072,0.00012253,1.00112E+12,0.642730536,normal,0
49690.77693,919.2703074,542.9793943,3.29E-05,1.00036E+12,0.73943619,normal,0
49446.89346,1091.350644,525.4362512,0.000144512,9.99939E+11,0.467593182,normal,0
49593.19517,1234.694771,548.9429025,6.36E-06,9.99529E+11,0.507569494,normal,0
50071.12434,719.4789456,513.1280665,7.75E-05,1.00028E+12,0.568635356,normal,0
50377.25828,797.0486539,443.0583441,9.05E-05,9.99759E+11,0.638902436,normal,0
50064.73695,968.2940854,513.2939115,0.00011608,9.99908E+11,0.524954819,normal,0
50092.84485,1090.717105,2510.002096,7.04E-05,9.99071E+11,0.351701557,DDOS,1
49638.51221,1216.009613,536.0781253,0.000123758,1.00049E+12,0.3765488,normal,0
50050.30692,872.5225745,531.7360734,0.000193548,1.0002E+12,0.520953423,normal,0
50048.06571,1085.562879,443.7206443,0.005028315,9.99383E+11,0.565965,Double Spending,1
49430.14317,1411.499094,488.27961,5.27E-05,9.99905E+11,0.81129102,normal,0
49636.38689,894.1894645,433.6763936,0.000132324,9.9896E+11,0.645275555,normal,0
49957.86668,921.6483702,518.3740833,0.000172546,9.99994E+11,0.560952605,normal,0
49435.37902,1085.7633,511.2653961,2.19E-05,9.99889E+11,0.556484236,normal,0
50372.02178,1325.679325,572.6233767,8.04E-05,1.0013E+12,0.216767408,normal,0
49693.34444,425.5475573,551.7624667,0.000146896,9.99613E+11,0.359992928,normal,0
49818.7622,1333.980901,541.947025,8.05E-05,9.99519E+11,0.519091652,normal,0
50131.97063,990.6158842,401.0350095,8.97E-05,9.98627E+11,0.532318548,normal,0
49809.35259,1090.70686,543.1196736,8.63E-05,1.00123E+12,0.41215262,normal,0
49819.58689,889.6283708,534.941421,7.95E-05,1.0002E+12,0.417792399,normal,0
49395.07314,1279.871087,467.6886345,0.00011934,9.99469E+11,0.548730524,normal,0
49992.28459,743.4015552,511.9623432,2.26E-05,1.00005E+12,0.554422035,normal,0
50089.81566,1129.656087,533.4370828,6.24E-05,9.99682E+11,0.398552027,normal,0
49918.15448,1232.45192,584.2262417,0.005808417,9.99459E+11,0.449980218,Double Spending,1
50162.84223,1204.514086,541.4737421,0.00012043,1.00101E+12,0.579185931,normal,0
50125.75514,999.4427779,490.5898781,6.30E-05,99951134818,0.506837157,51% Vulnerability,1
49536.2298,885.2599992,489.2539485,7.47E-05,1.00131E+12,0.391394542,normal,0
50274.64272,1298.145227,568.6424237,5.09E-05,9.9911E+11,0.547340742,normal,0
49760.58851,1302.689949,473.2099268,1.72E-05,1.00019E+12,0.606265729,normal,0
49646.52843,684.7215686,579.9323585,4.24E-05,1.00101E+12,0.509988695,normal,0
49882.20433,948.2190053,502.7467055,0.000106953,9.99922E+11,0.428641533,normal,0
49853.42942,1075.091172,469.0113936,0.004224267,9.99367E+11,0.538173417,Double Spending,1
49423.1726,1041.676562,493.5731244,4.92E-05,1.00033E+12,0.55148836,normal,0
49487.76416,837.9495126,483.2961385,0.000127703,1.00166E+12,0.277957899,normal,0
50343.8933,1074.811314,556.2717392,0.00017605,1.00016E+12,0.562340714,normal,0
50051.43845,1087.201155,2561.841867,6.82E-05,1.00178E+12,0.403421737,DDOS,1
49546.57724,1214.72635,502.1801223,0.000135225,9.99909E+11,0.498012636,normal,0
49409.99888,951.7527884,595.0595343,5.46E-05,1.00118E+12,0.29637795,normal,0
50056.89281,722.0855066,461.5428825,4.49E-05,1.00028E+12,0.410366734,normal,0
49638.21894,1079.160707,483.3090255,0.000178651,9.99281E+11,0.45024275,normal,0
50436.42992,980.2220694,574.4931719,0.000103874,1.00083E+12,0.480180432,normal,0
49588.36876,848.6409823,518.1815941,0.000118071,9.99389E+11,0.340410603,normal,0
50294.12046,1278.400457,451.32269,6.04E-06,9.99172E+11,0.401546595,normal,0
50308.17824,802.2817786,510.4829708,0.00011461,9.988E+11,0.443360541,normal,0
50071.44067,1095.90151,2361.938628,0.000151472,9.99571E+11,0.458752099,DDOS,1
49818.94758,965.3856351,517.5724104,0.000110839,1.00087E+12,0.537021189,normal,0
49773.83318,1317.788066,515.5745429,-0.000937795,9.99797E+11,0.461554312,Double Spending,1
49789.15392,666.2831852,580.7791412,0.000184251,1.00133E+12,0.276953198,normal,0
49657.27935,950.2617748,539.1695255,0.000147577,1.00055E+12,0.453150389,normal,0
50182.47673,1112.781824,399.8068818,5.57E-05,1.00231E+12,0.37708164,normal,0
50054.98841,867.4198165,543.719459,4.35E-05,1.00204E+12,0.548925454,normal,0
49952.5626,420.7489244,563.096075,0.000234652,1.00055E+12,0.364749131,normal,0
49748.55977,903.3627075,498.6797122,0.000199353,1.00007E+12,0.444691018,normal,0
49691.79705,970.4794827,497.5673824,0.000195571,9.98088E+11,0.612237422,normal,0
49526.67939,853.0816846,556.217668,0.00010398,9.99265E+11,0.538960452,normal,0
49806.10384,1064.871856,454.0656744,0.000151349,1.0005E+12,0.393074551,normal,0
50351.697,959.283928,515.023718,7.67E-05,9.99588E+11,0.512861745,normal,0
50742.80466,1028.343383,527.3559558,0.000105288,1.00117E+12,0.403734899,normal,0
49649.43886,1295.30807,528.0459724,0.000119316,1.00034E+12,0.548074458,normal,0
49969.40891,1027.470496,2406.474799,0.000114548,9.994E+11,0.352951045,DDOS,1
49740.81825,958.1953485,511.503538,7.70E-05,9.99015E+11,0.43129859,normal,0
49602.43565,1213.334938,503.5026082,9.79E-05,1.00014E+12,0.351594334,normal,0
49487.38902,991.9684099,489.4434881,0.000127615,1.00128E+12,0.43275144,normal,0
50189.6713,1309.50104,391.3665227,5.37E-05,1.00199E+12,0.575951489,normal,0
50070.347,1008.118338,459.037107,0.000137529,9.98031E+11,0.474632392,normal,0
49699.31538,954.7031802,508.0009113,0.000168527,9.98462E+11,0.55873917,normal,0
49814.85748,1135.585174,465.7685087,0.000160027,1.00067E+12,0.527908386,normal,0
49647.10957,962.571147,486.0518535,8.58E-05,1.0011E+12,0.292551365,normal,0
49490.41737,1288.023443,455.4403887,3.16E-05,1.00048E+12,0.709793934,normal,0
50141.24202,1078.360801,517.7806674,0.000110219,9.98593E+11,0.628093958,normal,0
49944.71783,1066.891358,509.524984,0.000132557,1.00021E+12,0.300446822,normal,0
49549.43231,1428.454072,538.9830266,0.000174083,1.00019E+12,0.594586964,normal,0
49487.51472,963.9040173,543.4578032,8.19E-05,9.99567E+11,0.507660907,normal,0
50034.32517,1221.636563,470.2169353,9.52E-05,1.00015E+12,0.47859323,normal,0
49329.53122,949.5292996,523.6001135,1.00E-04,1.00008E+12,0.485847036,normal,0
50264.46954,957.3114258,490.9804159,0.000122675,9.98156E+11,0.395387891,normal,0
49573.89414,1053.718456,515.9825913,6.22E-05,9.9811E+11,0.412556435,normal,0
49883.35575,965.9630755,560.5971993,5.24E-05,9.9898E+11,0.564451849,normal,0
49949.46461,1183.265535,556.3025125,8.20E-05,1.00078E+12,0.283032258,normal,0
49496.1055,1055.804305,457.8376702,0.000133417,9.98663E+11,0.600592451,normal,0
50163.66353,922.3646363,478.537779,5.19E-05,1.00014E+12,0.36349782,normal,0
49664.71997,1122.703595,415.8280904,6.29E-05,9.99185E+11,0.510248464,normal,0
49497.55642,1040.113839,528.2302963,5.69E-05,9.99757E+11,0.380203357,normal,0
50073.74463,1145.788239,2475.980261,8.32E-05,1.00042E+12,0.42613025,DDOS,1
50197.85176,737.6327535,449.2452904,0.000151919,9.99272E+11,0.496210692,normal,0
49914.15093,1328.403032,405.3192667,0.000160898,9.9986E+11,0.492061158,normal,0
49822.83406,853.813992,530.7683742,9.75E-05,1.00042E+12,0.392026368,normal,0
50341.54427,601.2528715,456.5168459,0.000123334,9.98783E+11,0.504556388,normal,0
49702.84894,1091.177554,561.7891096,8.50E-05,1.00005E+12,0.565945124,normal,0
49705.98832,824.4034826,472.6659958,0.000131933,1.00135E+12,0.578991972,normal,0
50234.92974,839.2650864,472.4731575,0.000143802,1.00046E+12,0.432076935,normal,0
49171.90682,903.4512956,534.1026033,0.000155041,1.00099E+12,0.573282908,normal,0
49467.67367,1087.311961,435.3868652,0.000163848,1.00038E+12,0.488519775,normal,0
49729.59905,972.3088032,483.9666187,6.97E-05,1.00002E+12,0.452420456,normal,0
49448.77003,1300.67966,442.8136896,0.000123463,1.00068E+12,0.431372086,normal,0
50143.66811,704.2176862,484.3470985,3.99E-05,1.00059E+12,0.43345777,normal,0
49680.79431,1027.307066,421.7879194,0.00012098,9.9761E+11,0.526426827,normal,0
49804.28024,707.125024,521.2030522,0.000117117,9.99082E+11,0.472745528,normal,0
49438.16457,1068.545069,513.3563326,4.54E-05,1.00032E+12,0.522703448,normal,0
49675.29613,994.497019,407.6906069,0.000100625,9.98901E+11,0.558726241,normal,0
50323.13812,1107.301969,436.9917617,0.000127828,9.99634E+11,0.557736353,normal,0
49568.93269,1239.009326,462.8764707,0.000120488,9.99283E+11,0.423748076,normal,0
49636.8784,1263.519507,562.233979,6.44E-06,9.97145E+11,0.501945826,normal,0
49967.29679,965.4741731,582.1770755,0.00015193,99722534000,0.435888574,51% Vulnerability,1
49822.11388,990.7477565,465.029273,0.00522032,9.99558E+11,0.695983725,Double Spending,1
49562.72632,1221.740716,585.5306686,9.68E-05,1.00029E+12,0.560560623,normal,0
49890.69506,840.3405511,487.0226661,2.76E-05,9.99923E+11,0.44762687,normal,0
50007.89739,1044.782827,483.6052642,8.56E-05,1.00143E+12,0.542178007,normal,0
49812.75332,866.1854523,570.9801502,0.000138758,1.00096E+12,0.497576717,normal,0
49519.11506,869.4752041,467.499871,7.31E-05,1.00163E+12,0.513533835,normal,0
49515.94813,1376.917261,482.0115677,5.77E-05,9.99637E+11,0.455145716,normal,0
49513.56932,1163.147443,466.1217674,9.81E-05,1.00164E+12,0.381366357,normal,0
49528.50746,1038.817999,527.5742688,0.000172791,9.99781E+11,0.466344741,normal,0
49743.61138,896.4777402,473.2018277,0.000173209,1.00025E+12,0.440156242,normal,0
49772.4258,987.1723307,461.3561166,0.000147572,1.00119E+12,0.49468932,normal,0
49514.87054,1347.192761,565.2170121,0.000118382,1.00096E+12,0.520045963,normal,0
49920.80368,1186.518166,528.7602508,0.000166529,1.00096E+12,0.452582182,normal,0
49847.31281,569.3219773,492.7740665,0.000141667,1.00145E+12,0.583934911,normal,0
49629.28689,865.6753264,522.3858463,7.74E-05,9.99209E+11,0.5288728,normal,0
50411.79358,852.8940115,371.8833171,8.97E-06,9.99602E+11,0.414383016,normal,0
49399.41922,1005.748965,467.2962158,6.82E-05,9.99872E+11,0.402587815,normal,0
50055.80595,805.3862118,477.3954834,7.35E-05,9.99155E+11,0.538420207,normal,0
50072.92038,1015.364378,446.3628487,9.12E-05,9.98022E+11,0.629498558,normal,0
50477.32463,1442.1046,477.4905368,0.000149272,9.99914E+11,0.542532131,normal,0
49927.66143,1154.339742,586.62575,0.000131476,1.00003E+12,0.618859682,normal,0
49507.65606,1298.537714,540.5698277,0.000159337,9.998E+11,0.494847707,normal,0
49563.26685,1345.508634,565.5154373,0.000198129,9.9873E+11,0.409940965,normal,0
49331.71702,1288.752921,424.3142804,0.000151529,1.00005E+12,0.33271061,normal,0
49756.02342,1210.130879,556.6885048,3.62E-06,1.00034E+12,0.410216993,normal,0
49536.06866,805.6771923,433.4843187,0.000129177,1.00043E+12,0.305062824,normal,0
49560.21699,743.9391203,406.2413765,0.000190465,9.99673E+11,0.594118187,normal,0
49599.4298,1075.442375,498.1481601,0.000134895,9.97894E+11,0.590053308,normal,0
50089.78281,994.5390921,478.1640132,0.000187747,9.99913E+11,0.381694382,normal,0
49589.77942,1256.203272,572.6630332,7.05E-05,1.00031E+12,0.45597408,normal,0
49528.75619,790.6178035,493.622544,6.47E-05,1.00052E+12,0.550702027,normal,0
49524.4267,868.6211442,546.0825056,0.000128993,9.98721E+11,0.573918049,normal,0
49536.02249,728.6836391,497.8261525,0.000136057,1.00021E+12,0.291410212,normal,0
50172.66544,865.3018752,378.0591421,9.12E-05,9.99025E+11,0.614602758,normal,0
49639.23417,687.4908286,519.534796,0.000111572,9.99545E+11,0.470554424,normal,0
49545.20841,1172.094698,559.7054702,1.34E-05,1.00315E+12,0.558785589,normal,0
49909.40168,1387.7858,521.6479913,3.07E-05,9.98457E+11,0.465408067,normal,0
49408.15557,950.5645235,472.5637546,9.80E-05,1.00088E+12,0.532434021,normal,0
49885.29017,1318.901013,491.8466518,6.96E-05,1.00093E+12,0.541055009,normal,0
49683.09655,995.4263875,516.3939762,0.000197663,1.00056E+12,0.479512334,normal,0
49802.6141,1308.421991,392.332854,2.32E-05,1.00093E+12,0.393577999,normal,0
49767.13024,1155.672215,552.9968192,0.000109259,9.99262E+11,0.460812323,normal,0
50016.2377,1069.300776,476.3954711,9.02E-05,1.00089E+12,0.538737148,normal,0
50339.59552,779.2821366,475.4181907,9.06E-05,9.97684E+11,0.583161679,normal,0
49784.3021,1003.11581,553.5075119,4.51E-05,9.99685E+11,0.558431417,normal,0
49907.63933,1033.514021,454.5615165,0.003254937,9.99149E+11,0.462663157,Double Spending,1
49645.59226,1263.423013,524.0933031,4.23E-05,9.99744E+11,0.469481115,normal,0
50091.5419,912.5083399,542.4551055,0.000125781,1.0008E+12,0.596782602,normal,0
50140.75389,762.4803162,548.2698742,6.41E-05,1.001E+12,0.454636361,normal,0
49300.74933,941.6377462,503.7977634,4.09E-05,1.00001E+12,0.659832181,normal,0
49588.03429,1073.473101,567.0230526,0.000107404,1.00024E+12,0.361070127,normal,0
50007.76139,877.4422619,473.2335907,5.52E-05,9.9945E+11,0.494017386,normal,0
49507.73585,1415.052175,539.674436,0.000124993,9.9781E+11,0.394155937,normal,0
49972.46229,914.3769678,485.6997889,8.79E-05,1.00076E+12,0.575656467,normal,0
50605.97395,1121.827624,539.2302144,9.66E-05,1.00027E+12,0.336866489,normal,0
49482.4146,1157.160032,535.4107212,0.000133957,1.0015E+12,0.515712792,normal,0
49644.18831,943.7344886,513.5747655,0.000197061,9.99627E+11,0.476428876,normal,0
50029.76279,1349.915349,509.6794956,0.000162857,9.99978E+11,0.416110733,normal,0
50575.99787,1498.599903,502.5443851,0.000130106,9.9929E+11,0.524309173,normal,0
49462.23178,1179.038644,569.623265,0.000107244,1.00064E+12,0.488477577,normal,0
49984.37455,1294.234065,467.5313481,6.33E-05,9.99737E+11,0.26796844,normal,0
49517.36733,1036.936061,505.2177969,0.000163973,1.00091E+12,0.373599383,normal,0
50532.72078,969.5060327,500.9808329,0.000163618,9.99472E+11,0.442358042,normal,0
49685.70426,1079.93759,458.4777797,0.000121613,9.97935E+11,0.616637055,normal,0
49594.68414,1260.348258,500.7136534,9.72E-05,1.00125E+12,0.573095898,normal,0
49654.93584,1227.975712,433.8771022,5.10E-05,9.98874E+11,0.457610996,normal,0
49840.22648,754.478437,525.8089144,0.000181298,1.00026E+12,0.469664993,normal,0
49614.38017,888.2156305,469.4115455,0.000170168,1.00098E+12,0.440446506,normal,0
50236.82518,1029.733491,389.4069044,0.000102949,9.99936E+11,0.529094736,normal,0
49655.03865,994.8891858,421.4561924,0.000109751,9.9922E+11,0.384288338,normal,0
49982.81886,894.159798,2597.413298,0.000119966,1.00065E+12,0.569891969,DDOS,1
49761.37512,1072.9922,504.4790341,0.000140708,9.98742E+11,0.408718908,normal,0
49625.97641,1096.946563,469.706959,0.000145689,1.00028E+12,0.37638642,normal,0
49803.65815,626.6926766,555.6344187,0.000176162,1.00032E+12,0.515797431,normal,0
50127.05101,1107.28278,2186.170493,7.45E-05,1.00051E+12,0.422098058,DDOS,1
49757.37457,1259.398909,493.727287,6.45E-05,1.00005E+12,0.574365178,normal,0
50049.67544,1043.486575,514.2777037,6.82E-05,9.99272E+11,0.605781418,normal,0
49621.68776,1026.593935,468.8675319,0.000104191,1.00005E+12,0.62202829,normal,0
49717.77966,1237.678655,591.9091838,0.000187931,1.0011E+12,0.536397063,normal,0
49650.48251,1090.474359,572.1816002,0.0001615,9.97574E+11,0.418717641,normal,0
50394.80839,846.0053538,446.4071383,4.96E-05,1.00021E+12,0.496544938,normal,0
49818.35548,700.5106663,540.1577371,0.005120761,1.0014E+12,0.574515086,Double Spending,1
49498.85928,1058.711586,488.5304628,0.00014407,1.00096E+12,0.399155127,normal,0
49328.19181,1024.534063,470.9973379,0.0001266,1.00053E+12,0.604848265,normal,0
50110.29367,972.0820744,467.3116831,4.98E-05,9.99174E+11,0.541299891,normal,0
49594.38328,791.0381612,445.6377031,9.30E-05,1.00036E+12,0.493735178,normal,0
49732.47303,808.9754841,480.6434675,3.17E-05,1.00235E+12,0.71850949,normal,0
49471.81038,1035.288311,493.4263702,8.35E-05,9.99944E+11,0.477895754,normal,0
50173.47946,812.1329212,419.6169486,0.000109521,1.00095E+12,0.521060084,normal,0
49724.1363,1153.216056,510.3633665,0.00011145,9.99868E+11,0.461432737,normal,0
49884.77912,1025.275916,621.3358243,0.000198627,1.00003E+12,0.488489031,normal,0
49717.39707,1215.736167,478.1807055,0.000102176,1.0023E+12,0.555188597,normal,0
50083.44101,823.0394572,487.648715,0.000134636,9.99941E+11,0.579670193,normal,0
49520.97233,1107.330551,575.5577465,0.000142778,9.99166E+11,0.494260463,normal,0
49998.21155,875.097909,462.3068943,5.30E-05,1.00073E+11,0.399307264,51% Vulnerability,1
49768.01586,983.4638628,468.5368303,0.000136781,9.99008E+11,0.3728081,normal,0
49592.08247,1143.790662,499.3955526,0.000153531,1.00057E+12,0.429208906,normal,0
49617.14416,1036.204312,504.2659071,9.50E-05,9.98025E+11,0.568558975,normal,0
49934.33069,1146.528015,531.0785945,9.84E-05,9.99189E+11,0.585670248,normal,0
50189.04197,971.1824889,509.2370289,0.000122461,1.00024E+12,0.451152392,normal,0
50355.46627,974.0358601,484.1963572,0.000112612,1.00047E+12,0.626151925,normal,0
50260.54083,866.3713903,436.4524139,0.000204236,99848564246,0.460010001,51% Vulnerability,1
49610.17972,874.8874597,534.8477202,0.000187774,9.99176E+11,0.450503452,normal,0
49928.07416,892.0817559,542.1148664,0.002742805,1.00076E+12,0.483014764,Double Spending,1
50102.1206,1036.671984,499.9645703,8.02E-05,9.99263E+11,0.572190349,normal,0
50000.08193,885.1798649,2593.211037,8.35E-05,1.00181E+12,0.625254073,DDOS,1
50048.9459,927.5118117,409.9471133,0.000112658,1.00069E+12,0.441998367,normal,0
49706.48033,1108.720031,440.3037497,4.35E-05,9.9865E+11,0.344848775,normal,0
50010.11347,792.0188146,568.7219047,1.12E-05,1.00036E+12,0.53794054,normal,0
49493.98009,899.5891551,427.122425,0.000153577,9.99485E+11,0.435442793,normal,0
50197.99007,1276.854564,486.7742579,5.81E-05,1.00324E+12,0.585246864,normal,0
49754.68776,999.3251085,431.7022144,0.000163943,1.00019E+12,0.462673175,normal,0
49580.13899,515.2241347,570.546619,2.18E-05,1.00207E+12,0.704206965,normal,0
49517.40889,944.63734,523.1295646,7.94E-05,9.9895E+11,0.394937668,normal,0
49492.2411,861.618386,460.1987072,2.97E-05,9.99952E+11,0.341782324,normal,0
49690.35662,1004.843891,499.3081127,0.000135304,1.0004E+12,0.549909582,normal,0
50239.91042,878.0975596,488.299007,7.74E-05,1.00014E+12,0.572282689,normal,0
49788.97792,1401.218578,554.8576356,6.00E-06,9.99585E+11,0.499015519,normal,0
49432.66696,1175.472458,505.4279853,2.32E-05,9.99188E+11,0.356732871,normal,0
49430.00304,1255.690373,408.4683552,4.05E-05,9.99439E+11,0.570342792,normal,0
49886.31667,909.3543901,513.0625266,6.62E-05,1.00021E+12,0.592824569,normal,0
50299.1515,1334.514477,454.9689633,0.00014661,1.00003E+12,0.468470334,normal,0
49894.70076,995.1608787,453.6809435,0.000159527,1.00136E+12,0.513592457,normal,0
49283.07256,963.4207118,454.1904042,0.000116928,9.9994E+11,0.457624032,normal,0
49557.16347,980.1648272,533.5670038,6.74E-05,9.99465E+11,0.602510915,normal,0
49714.89119,1245.386645,503.4672169,7.10E-06,1.00007E+12,0.543450265,normal,0
50185.87451,1020.840221,568.0329298,4.35E-06,9.98362E+11,0.580891927,normal,0
49602.15535,910.5356209,488.4566813,9.99E-05,9.99991E+11,0.396803372,normal,0
49629.64333,1048.150636,480.8014364,4.53E-05,1.00002E+12,0.553102609,normal,0
49598.42058,1229.689142,489.534309,0.000216002,9.99288E+11,0.539814727,normal,0
49986.30054,1103.62034,2458.419164,9.12E-05,1.00075E+12,0.380027473,DDOS,1
49752.65239,939.2747854,536.6527141,0.005576291,9.99722E+11,0.542834205,Double Spending,1
49735.29307,902.2227762,405.3618911,0.001832437,9.98964E+11,0.428853781,Double Spending,1
49695.9546,575.6290202,527.4441918,1.03E-05,1.0008E+12,0.466475592,normal,0
49596.92641,849.3164259,534.3159228,0.000107179,9.99227E+11,0.482974175,normal,0
49603.56165,1308.648706,433.6976157,0.000162481,9.97993E+11,0.523855495,normal,0
50454.75983,1183.815297,419.9548011,0.000112888,1.00109E+12,0.551015747,normal,0
49617.09136,1170.554735,534.6459312,0.000141738,9.99657E+11,0.5014509,normal,0
50324.44868,965.0080487,501.0443244,7.93E-05,1.0013E+12,0.566626967,normal,0
49899.11691,925.8771336,507.1471547,0.000131136,9.99585E+11,0.566205183,normal,0
50285.68534,883.6638172,531.1103572,0.000132024,1.00026E+12,0.477434362,normal,0
49436.31524,836.6128658,550.0523046,7.54E-05,9.99586E+11,0.420747655,normal,0
49857.33602,1174.259459,489.1491475,9.63E-05,9.9941E+11,0.360804162,normal,0
50399.0823,1008.762294,530.7885575,9.42E-05,9.98169E+11,0.433281092,normal,0
50027.13876,1342.341696,467.6229097,0.000185126,1.00022E+12,0.402519342,normal,0
49888.4931,1295.506016,520.4326406,0.000122561,9.99763E+11,0.417646503,normal,0
50060.26652,875.2462079,552.8028405,0.00014577,1.00016E+12,0.565776318,normal,0
49659.18284,935.9305384,445.4516785,7.04E-05,1.00022E+12,0.464915057,normal,0
50158.74715,608.5322822,511.0291769,0.000135352,99734894000,0.552396051,51% Vulnerability,1
50052.6517,961.8635198,497.2553,9.42E-05,9.9964E+11,0.381300661,normal,0
49894.13044,958.1352646,566.0652016,0.000190903,9.99664E+11,0.578262983,normal,0
49929.62582,1081.324407,551.1528278,0.000188326,99922329491,0.504600639,51% Vulnerability,1
49749.48639,1040.219809,490.254586,0.00011969,9.99858E+11,0.534834174,normal,0
49717.02345,1374.659555,515.1909298,0.000155194,9.99825E+11,0.72770865,normal,0
50114.19279,996.0724402,500.0103532,4.21E-06,9.97823E+11,0.472245574,normal,0
50259.39189,730.3645909,544.933458,8.30E-05,99840559669,0.489503229,51% Vulnerability,1
50054.84431,918.5079785,2242.024388,0.000138538,9.99743E+11,0.541746509,DDOS,1
49884.85585,559.7513053,387.5283773,0.007223993,1.00118E+12,0.524941769,Double Spending,1
49610.02781,695.362619,433.9988744,5.69E-05,9.98715E+11,0.603630289,normal,0
49939.72475,815.5179631,484.3235157,0.00019036,1.00118E+12,0.344462627,normal,0
49732.36434,996.7154208,518.3643657,0.000114032,1.00044E+12,0.493187657,normal,0
49954.32197,1450.487161,459.1455684,8.85E-05,1.00135E+12,0.536016418,normal,0
50450.97222,688.8208708,540.8944829,1.85E-05,9.98984E+11,0.477061767,normal,0
49382.5485,1114.516556,521.3597181,0.000166447,9.99964E+11,0.594278851,normal,0
50398.96475,1119.985746,500.3399922,0.000101722,9.99804E+11,0.501934407,normal,0
49844.49372,819.2596279,527.7756323,0.000110629,9.99389E+11,0.508446679,normal,0
50174.99451,681.4012533,458.8790034,0.000125413,9.99005E+11,0.49918868,normal,0
50173.29506,1055.798832,493.2860419,0.000133433,1.0013E+12,0.216249356,normal,0
50198.68505,1118.950868,531.7709015,0.000126741,9.99819E+11,0.64521177,normal,0
50715.38092,632.7589254,505.0928148,9.39E-05,1.00124E+12,0.42038632,normal,0
50088.93896,1078.526823,2487.279751,0.000127801,9.99775E+11,0.453324119,DDOS,1
49674.68243,1118.50539,480.399368,0.000121866,1.00039E+12,0.560379052,normal,0
49410.43598,999.2794922,469.3781313,0.000116753,1.0021E+12,0.439252771,normal,0
50674.37308,1242.61954,501.1232946,0.000145568,9.9933E+11,0.582278278,normal,0
50000.71539,1006.298312,556.2466273,0.000185795,99951873758,0.443580382,51% Vulnerability,1
49681.18461,1197.145999,486.0119916,0.000179529,9.98434E+11,0.497796514,normal,0
49756.29398,1237.406061,352.9805683,0.000142258,1.00087E+12,0.6074333,normal,0
49934.15866,930.2695731,438.5225203,0.000143726,1.0006E+12,0.380547706,normal,0
50577.63261,1077.715721,508.2380421,0.00017582,9.99386E+11,0.491728498,normal,0
49667.92668,878.8570154,544.6298669,4.41E-05,1.00076E+12,0.402150045,normal,0
49469.47255,943.7799414,448.616243,0.000171568,1.00031E+12,0.364248246,normal,0
49360.11013,1128.544552,475.8469474,4.12E-05,1.00122E+12,0.530740357,normal,0
49823.45849,889.7628567,530.8502975,0.000121272,1.00018E+12,0.398223569,normal,0
49537.55807,1369.327399,510.6598314,4.55E-05,1.00051E+12,0.434610161,normal,0
50238.21098,1126.755376,504.4328795,9.03E-05,9.99218E+11,0.411267054,normal,0
49215.48833,1274.975284,458.4088896,5.31E-05,1.00113E+12,0.454658589,normal,0
50207.34689,1032.114796,420.0937824,0.000130511,1.00069E+12,0.551887118,normal,0
50035.71711,1002.937639,583.7246217,0.000138801,1.00078E+12,0.523286809,normal,0
49671.45225,903.2228332,556.3352568,0.000144262,1.00107E+12,0.305043828,normal,0
49566.26856,749.1421154,558.4794996,5.64E-05,9.99863E+11,0.491895404,normal,0
49901.13006,694.8687371,500.3531579,0.000144648,9.99978E+11,0.522749588,normal,0
50008.73636,1149.396168,519.1326776,0.000123833,1.00153E+11,0.504782532,51% Vulnerability,1
49710.00633,1038.87686,483.4345808,0.000121416,9.99014E+11,0.534166023,normal,0
49487.9327,768.3270622,518.0751763,0.000115808,1.00159E+12,0.459563801,normal,0
50402.94629,1016.365872,488.8398873,5.24E-05,1.00161E+12,0.480912778,normal,0
50646.37584,1101.598265,577.4510076,0.000104669,1.00038E+12,0.40499365,normal,0
50268.75814,1110.01042,498.7212844,8.07E-05,9.99629E+11,0.454034323,normal,0
50197.02769,1151.785718,502.9966315,6.81E-05,1.001E+12,0.440358859,normal,0
49598.1941,850.5576642,576.8965959,0.0001023,9.99223E+11,0.397018815,normal,0
49605.27611,1007.600696,471.8915987,0.000150573,9.99168E+11,0.535037022,normal,0
49814.96382,771.3990175,509.7368097,2.97E-05,1.00082E+12,0.707506504,normal,0
49452.3559,1638.621514,544.3645419,0.000120822,1.00079E+12,0.448823644,normal,0
50472.62577,998.7858177,508.6670832,0.000103602,1.00098E+12,0.595130624,normal,0
50114.75074,1284.10085,520.4909328,5.66E-05,1.00044E+12,0.523384803,normal,0
50561.20672,779.3266788,438.0446462,4.35E-05,9.99032E+11,0.355639574,normal,0
49829.28209,780.7449826,498.673937,7.06E-05,9.99428E+11,0.489952428,normal,0
50103.0439,885.8507413,487.9371173,0.000126731,9.97468E+11,0.603544342,normal,0
50076.5227,1168.767902,1987.930534,9.79E-05,1.00001E+12,0.446142633,DDOS,1
50024.83571,875.3718947,517.531505,2.07E-05,1.00049E+12,0.60753434,normal,0
49779.63337,902.1121115,499.0290197,9.73E-05,1.00052E+12,0.615938104,normal,0
49383.92124,1012.33597,491.2822871,0.000143823,1.00127E+12,0.485279472,normal,0
49548.45791,910.7633134,508.4327336,4.96E-05,9.99418E+11,0.599444738,normal,0
50341.28208,1166.705792,454.8974223,0.00013887,9.984E+11,0.562661364,normal,0
49680.72795,1234.545804,443.6616266,6.21E-05,1.00108E+12,0.366687165,normal,0
50220.37627,1094.283111,594.9940967,0.000100169,1.00013E+12,0.642449582,normal,0
49875.32186,801.7215301,466.2410863,7.26E-05,1.00107E+12,0.639318126,normal,0
50238.41753,884.6979199,452.1781812,0.000186747,1.00161E+12,0.446524333,normal,0
49608.74837,1205.992164,461.6671706,0.000128704,9.99415E+11,0.553843496,normal,0
49814.45217,1127.746044,532.7950388,9.76E-05,9.98857E+11,0.549640012,normal,0
49871.24337,1322.742254,468.6641388,0.000178144,1.00018E+12,0.550083159,normal,0
49552.913,832.1580665,501.7076209,8.21E-05,1.00009E+12,0.498590103,normal,0
50196.90255,889.5553911,493.3683127,0.000116391,9.99778E+11,0.490829398,normal,0
49823.76428,1030.083781,527.7802233,0.000191628,1.00119E+12,0.482208212,normal,0
49768.9357,849.14483,547.3763231,9.69E-05,9.9985E+11,0.576386035,normal,0
50345.25001,703.0204063,466.9008911,2.50E-06,1.001E+12,0.471490574,normal,0
49622.07856,1257.950551,526.7252824,0.000166432,9.99512E+11,0.513069002,normal,0
50633.95014,733.7534093,471.3199114,5.20E-05,9.99602E+11,0.566536894,normal,0
49544.56576,1093.285996,423.4446249,5.42E-05,1.00031E+12,0.352796293,normal,0
49450.60648,1059.750582,461.8356948,9.73E-05,9.99703E+11,0.289525049,normal,0
50157.10341,1012.894883,458.2428549,6.51E-06,9.99261E+11,0.491908266,normal,0
50192.1779,1170.683112,438.0370803,0.000161449,9.99894E+11,0.501414926,normal,0
49706.69238,908.2231474,500.3211135,0.000123164,1.0006E+12,0.522315305,normal,0
50224.03056,1126.586364,451.2735348,0.000146214,1.00205E+12,0.411223049,normal,0
49710.00623,908.5807487,467.4988033,0.000152936,1.00022E+12,0.42718281,normal,0
49899.31662,1131.708855,535.4725909,0.000142923,9.98707E+11,0.387875626,normal,0
49586.16304,1340.442989,450.0969686,8.15E-05,9.99969E+11,0.754900971,normal,0
50211.64526,733.194901,479.5358781,6.53E-06,1.00052E+12,0.519624094,normal,0
49586.05775,1013.571102,433.06971,4.54E-05,1.00181E+12,0.628807572,normal,0
50198.54643,1063.956387,507.6177436,0.00011077,1.00017E+12,0.28284286,normal,0
50200.85967,1040.584604,555.3540335,4.93E-05,9.99325E+11,0.599763208,normal,0
49792.72877,1272.645795,511.9813759,0.007914349,9.99371E+11,0.513416642,Double Spending,1
50435.33854,888.501643,500.0263979,0.000143458,9.9985E+11,0.345506265,normal,0
50125.05629,1206.776211,2381.381687,0.000107473,9.98944E+11,0.52724214,DDOS,1
49717.27607,1116.785637,447.315879,3.40E-05,1.00057E+12,0.454236675,normal,0
49456.04869,1089.541712,544.7519157,0.000127663,9.99466E+11,0.568022036,normal,0
49460.22119,955.7492753,533.315625,0.000103634,1.00057E+12,0.592350862,normal,0
50126.45841,1237.803306,555.4849921,0.000119481,9.99901E+11,0.390837483,normal,0
49532.37471,995.1290815,484.5982858,4.71E-05,1.00032E+12,0.625540361,normal,0
50359.34999,1111.665383,472.7942999,5.88E-05,9.99006E+11,0.648196077,normal,0
49684.5438,829.8959092,524.8871545,6.53E-05,1.0002E+12,0.364944404,normal,0
49559.20919,830.728669,585.9688953,2.27E-05,9.99491E+11,0.625433836,normal,0
49836.39269,1099.136378,532.2607793,8.39E-05,1.00031E+12,0.40644037,normal,0
50558.42934,569.4218814,426.6237367,0.000220584,9.9969E+11,0.451709016,normal,0
49390.007,870.6126445,545.9577087,0.000151185,1.00251E+12,0.534859512,normal,0
49903.03796,1511.639857,521.0486472,0.000135616,1.00077E+12,0.378071553,normal,0
50036.83232,822.5015644,534.7768879,0.000148766,1.0016E+12,0.431861976,normal,0
49534.1505,779.3583269,442.5602982,0.000165915,1.00145E+12,0.579799455,normal,0
49559.49262,560.2388087,538.0027982,0.000115565,9.99936E+11,0.519942399,normal,0
49997.22503,1272.828086,507.7595342,0.000114366,9.98526E+11,0.631019191,normal,0
50209.25128,893.3819196,494.8206573,0.000143241,1.0008E+11,0.325353327,51% Vulnerability,1
49529.69974,1048.760143,515.9587255,4.84E-05,9.99075E+11,0.293659685,normal,0
49828.14369,878.8768921,406.6730024,0.000111701,9.98821E+11,0.390472948,normal,0
50179.48358,943.8649846,509.1924772,5.45E-05,1.00058E+12,0.47784634,normal,0
49649.89969,1013.398143,527.5738138,5.61E-05,9.99757E+11,0.406053676,normal,0
49912.61729,819.0104334,424.3735517,-0.002471678,1.00177E+12,0.498020566,Double Spending,1
49828.70144,1402.040908,478.2256815,8.83E-05,9.99468E+11,0.592940998,normal,0
49337.43362,1324.935692,511.970225,0.000118083,9.99523E+11,0.548777482,normal,0
50038.07555,789.3168874,656.8874267,5.83E-05,9.97914E+11,0.526561699,normal,0
49842.92177,926.6351176,649.2629501,4.02E-05,1.00084E+12,0.478033055,normal,0
49999.97075,965.410788,482.0829924,3.65E-05,1.00186E+12,0.501518294,normal,0
49539.14651,849.64179,501.8968918,5.09E-05,9.99754E+11,0.704217791,normal,0
50266.43548,938.9550591,437.1211071,4.16E-05,1.00165E+12,0.618425665,normal,0
49468.97822,1180.786968,534.4853903,0.000116901,1.00031E+12,0.556677173,normal,0
49576.6126,869.7163993,551.6273102,0.000131275,1.00023E+12,0.526206681,normal,0
49519.06794,1088.00289,504.1219876,0.000184998,9.98989E+11,0.547303828,normal,0
49968.44611,973.1965667,522.8886433,3.41E-05,9.98148E+11,0.37554575,normal,0
50407.76584,941.9450912,458.5751488,3.79E-05,9.99537E+11,0.627257016,normal,0
50269.48739,717.2571006,474.3393217,8.71E-05,9.98207E+11,0.484225302,normal,0
49836.37612,1252.516821,466.983943,0.000191481,9.99311E+11,0.563596775,normal,0
49329.23423,854.3994118,465.4729474,0.000156866,1.00024E+12,0.41519344,normal,0
49901.98388,964.6105545,525.6552899,0.000101912,9.99393E+11,0.486786341,normal,0
50278.14296,1005.636231,481.240181,0.000124302,9.98604E+11,0.640693475,normal,0
50292.03253,1083.803802,531.9195963,8.82E-05,9.98031E+11,0.40589773,normal,0
50392.56887,1306.150166,490.4980482,2.44E-05,1.0003E+12,0.381103658,normal,0
50325.79473,1003.136447,501.8848287,0.00011158,1.00128E+11,0.561279074,51% Vulnerability,1
49741.2055,959.26525,508.8410436,0.000114908,9.99221E+11,0.625313282,normal,0
50075.49578,1345.39277,424.1063127,4.48E-05,9.98849E+11,0.414761323,normal,0
49633.82727,740.6336104,459.5867139,6.99E-05,1.00075E+12,0.485835141,normal,0
49343.85528,1223.459166,420.7932028,0.000142726,9.98628E+11,0.571587274,normal,0
49613.49973,1146.975557,571.1184931,8.66E-05,9.99225E+11,0.434632086,normal,0
49665.16775,1067.696769,445.7424737,7.03E-05,1.00011E+12,0.37834192,normal,0
49893.60536,907.0765405,548.790836,5.92E-05,1.00144E+12,0.498299393,normal,0
49608.21807,1101.454806,491.5589138,7.71E-05,9.99386E+11,0.456969068,normal,0
50170.94986,955.0469196,524.3936142,0.000159862,1.00038E+12,0.509781329,normal,0
49502.79429,1043.830066,537.1063746,4.31E-05,1.0019E+12,0.325429257,normal,0
49511.51143,1376.231414,495.8447214,0.000123159,9.97397E+11,0.384630772,normal,0
49539.75019,795.7534366,484.5395461,0.000109532,1.00153E+12,0.333891658,normal,0
50036.41217,1232.165357,468.9576201,0.000122737,9.99716E+11,0.541768075,normal,0
49816.08033,1237.535878,485.2455043,7.18E-05,9.98821E+11,0.732467331,normal,0
49874.34489,878.0434191,538.9468252,0.000130412,9.98576E+11,0.63601159,normal,0
50242.8012,1108.292546,535.9878971,8.56E-05,1.00167E+12,0.476408347,normal,0
49815.15757,1207.980937,469.9788217,0.000127652,1.00046E+12,0.620245125,normal,0
49592.29035,1276.018271,485.2259841,8.98E-05,9.99773E+11,0.649671041,normal,0
49854.27607,1119.480014,467.9259202,0.000210939,1.00128E+12,0.478113375,normal,0
49410.45184,1263.478813,493.2845629,5.91E-05,1.00023E+12,0.433165481,normal,0
49469.05042,796.8356362,498.8223925,7.62E-06,1.00107E+12,0.528677411,normal,0
50113.13154,1115.8583,530.2257663,8.34E-05,1.00022E+12,0.566884013,normal,0
49536.28829,676.9736368,528.6028721,0.00015851,9.99119E+11,0.637846963,normal,0
49552.88326,1118.130966,547.5153796,6.00E-05,9.98712E+11,0.650913101,normal,0
50344.79185,1243.75237,482.1277289,6.71E-05,1.00018E+12,0.495011985,normal,0
49638.84217,1130.464576,487.0601969,0.000112066,9.99027E+11,0.412173675,normal,0
49564.53727,1025.620883,493.4371516,6.52E-05,1.0005E+12,0.325777831,normal,0
49485.84275,1085.091512,511.6608066,8.49E-05,1.00186E+12,0.517618982,normal,0
50203.81765,1278.04151,524.9110874,3.56E-05,9.99993E+11,0.540963612,normal,0
50283.49448,820.3064036,469.1819296,3.32E-05,9.99849E+11,0.487134055,normal,0
49361.79594,1039.304234,580.6110314,0.000129861,1.00171E+12,0.527660077,normal,0
49479.18833,694.8949658,484.0473032,8.15E-05,1.00082E+12,0.49526293,normal,0
49981.67684,1196.353097,532.9622834,0.000158986,1.00042E+12,0.446235424,normal,0
50015.62199,1458.188515,461.8637611,0.000124194,9.98684E+11,0.671904061,normal,0
49711.01457,1076.231677,490.8401691,0.00010547,9.9937E+11,0.59488131,normal,0
49818.39987,1192.817434,525.654271,8.50E-05,9.99149E+11,0.436241246,normal,0
49623.60571,976.3862946,527.3632399,1.56E-05,9.99462E+11,0.604691179,normal,0
50211.11951,962.6057394,523.3179187,0.000127587,1.001E+12,0.511179916,normal,0
50237.38912,661.4086372,590.0255591,5.32E-05,1.0005E+12,0.382303789,normal,0
49219.37676,840.1615987,464.2120005,4.87E-05,9.99253E+11,0.466990981,normal,0
49667.32832,1064.633543,517.1893941,4.65E-05,1.00168E+12,0.65344821,normal,0
49524.98567,713.8449796,450.6410236,0.000131282,9.97783E+11,0.522327084,normal,0
49534.33371,1061.48134,413.7096636,9.55E-05,1.00136E+12,0.58687725,normal,0
49861.1919,600.3598631,498.5368593,1.07E-05,1.00021E+12,0.607684814,normal,0
49850.77147,1239.326297,521.9750615,5.27E-05,1.00217E+12,0.807686037,normal,0
49166.69467,870.8071642,496.6410855,0.000110831,1.00009E+12,0.320435683,normal,0
49693.55434,646.3121269,452.1424543,1.29E-06,9.99302E+11,0.280874615,normal,0
50303.11789,1015.201078,491.8603547,6.96E-05,1.00042E+12,0.471678196,normal,0
49962.70289,805.4470966,595.0134212,0.000132977,1.00076E+11,0.749741513,51% Vulnerability,1
50054.15173,920.0727629,482.14854,8.35E-05,9.97161E+11,0.547536561,normal,0
49524.01282,1182.716925,435.0209382,5.59E-05,9.99706E+11,0.480430147,normal,0
49656.30392,1098.19499,470.1244903,0.000123674,1.00192E+12,0.635085233,normal,0
49498.91459,415.7299033,569.0727039,2.44E-05,1.00164E+12,0.568322301,normal,0
49579.36143,1237.140831,427.4412155,0.000182474,1.00218E+12,0.36045515,normal,0
49913.47212,905.0192687,437.0747545,5.99E-05,1.00089E+12,0.429422652,normal,0
49306.84982,687.3618383,537.1341209,0.000122474,1.00048E+12,0.573354781,normal,0
49686.54776,1433.000469,446.447316,3.95E-05,1.00077E+12,0.419605159,normal,0
50042.95445,1304.26321,530.3425297,5.18E-05,1.00042E+12,0.60371589,normal,0
49696.44906,800.1395535,504.2946503,7.37E-05,1.00186E+12,0.503139587,normal,0
49687.69433,1505.386485,488.8267009,0.000118605,1.00047E+12,0.709319793,normal,0
49467.91232,1123.830852,514.7112065,0.00018382,1.00039E+12,0.571141058,normal,0
50240.19301,849.2070822,349.0243922,9.84E-05,9.99378E+11,0.425064231,normal,0
49680.74334,808.1121527,525.0891368,0.00013476,9.99855E+11,0.641418729,normal,0
50593.52574,781.5374471,499.036981,3.16E-05,9.99955E+11,0.54802605,normal,0
49983.90054,862.369931,500.0602738,6.41E-05,9.99475E+11,0.399439862,normal,0
49481.55301,1038.219814,525.56013,6.88E-05,9.97071E+11,0.369263022,normal,0
50412.7715,755.2119466,496.2117857,4.26E-05,9.99674E+11,0.661630004,normal,0
50293.3877,489.215773,521.2943603,0.000157954,1.00139E+12,0.513864518,normal,0
50297.91069,1183.663321,523.8178885,6.97E-05,9.97982E+11,0.499404529,normal,0
49417.38727,863.6031504,504.6422451,9.33E-05,9.98923E+11,0.44672745,normal,0
49587.38047,1233.859118,558.0939151,0.000102901,1.00159E+12,0.479153179,normal,0
49488.52974,591.6530263,405.9075477,8.78E-05,1.00145E+12,0.581992525,normal,0
50264.05261,685.8998793,525.273508,0.000122884,1.00015E+12,0.578400278,normal,0
49649.08733,1085.661419,540.6602593,0.000181423,9.99504E+11,0.60710805,normal,0
50312.72957,639.6039125,490.4548104,6.45E-05,9.9987E+11,0.474371918,normal,0
49875.17058,600.2222186,530.4367795,0.002292407,1.00034E+12,0.467332675,Double Spending,1
50017.23474,887.7324007,496.6064309,0.007310394,9.99655E+11,0.425190394,Double Spending,1
50325.97786,866.3819093,491.2072798,4.61E-06,9.99475E+11,0.4007134,normal,0
49638.71102,1091.994429,505.2947227,9.10E-06,1.00038E+12,0.473439544,normal,0
49842.99569,1480.683117,490.133079,0.000124103,1.00073E+12,0.458256962,normal,0
49594.42187,1004.254315,424.8459849,5.52E-05,1.00036E+12,0.547936095,normal,0
49801.0968,1025.115291,535.4151924,4.16E-05,1.00106E+12,0.440233232,normal,0
50026.34952,688.6836203,373.4856239,8.72E-05,9.99166E+11,0.453883027,normal,0
49686.89256,929.3667414,469.3881633,0.000103858,9.9903E+11,0.472868502,normal,0
49599.64965,1164.096436,494.7775391,0.000161872,1.00015E+12,0.550860837,normal,0
49791.94253,1084.384151,431.0190918,5.38E-05,9.99606E+11,0.594521153,normal,0
50032.1398,1229.75314,531.9025551,0.000144768,9.99821E+11,0.584310533,normal,0
49603.02975,995.7265411,540.9388822,8.81E-05,1.00115E+12,0.468125168,normal,0
49936.6971,1300.151958,555.0479817,9.69E-05,9.98457E+11,0.360550493,normal,0
49798.94654,1060.527093,556.205636,0.000162345,1.00007E+12,0.361213145,normal,0
50373.73498,1198.40847,583.0735083,5.70E-05,1.00049E+12,0.355479474,normal,0
49830.82939,856.6355359,423.8820407,0.000183361,9.99049E+11,0.582711543,normal,0
49947.26018,935.6729898,476.7344772,3.98E-05,9.99764E+11,0.415484604,normal,0
50197.36693,1011.329985,549.3667258,0.000160013,9.9861E+11,0.60071572,normal,0
50259.53722,1335.540163,474.5929901,6.98E-05,1.00032E+12,0.552322319,normal,0
49604.62601,1087.264734,569.7841905,0.000100185,1.00029E+12,0.386721505,normal,0
49650.34557,902.2301156,479.3267419,0.000138967,9.99612E+11,0.370943858,normal,0
49931.54521,985.6797481,515.402527,0.000129751,9.99503E+11,0.539542099,normal,0
50353.34577,889.2823517,492.6109841,8.85E-05,9.99115E+11,0.377967931,normal,0
49685.93295,866.3711829,430.9477698,0.000112899,9.99034E+11,0.340060524,normal,0
49480.76741,1048.66789,501.0655824,0.000145114,9.99643E+11,0.443923909,normal,0
49494.86117,527.4135129,474.8512615,3.96E-05,9.98481E+11,0.434262745,normal,0
49988.18827,1035.916356,604.4221386,7.98E-05,9.99942E+11,0.506807227,normal,0
49916.00426,951.1686729,547.6562523,8.78E-05,1.0006E+12,0.574245891,normal,0
50228.56009,786.9772674,459.4571244,2.40E-05,1.00032E+12,0.738837199,normal,0
49592.47888,945.7752798,442.5868356,0.000171817,1.00023E+12,0.550309037,normal,0
49976.17529,963.1708369,2262.916267,7.43E-05,1.00082E+12,0.422412518,DDOS,1
50101.18413,1023.916074,544.1166531,9.53E-05,1.00101E+12,0.567194461,normal,0
50281.34409,1000.609204,523.1086333,0.000107849,1.00058E+12,0.549580502,normal,0
49969.89472,790.8941029,472.3411377,8.40E-05,99991090405,0.404881563,51% Vulnerability,1
50342.98601,758.0610514,601.180311,7.45E-05,9.98467E+11,0.659267,normal,0
49784.2598,1314.797353,514.0080579,7.35E-05,9.98706E+11,0.569586384,normal,0
50217.25874,765.9773948,590.2174055,3.14E-05,9.99444E+11,0.610393355,normal,0
49812.73498,940.4872993,540.0204763,0.000114781,1.00053E+12,0.395980628,normal,0
49585.12156,683.2194353,495.0705934,0.000104767,9.98168E+11,0.529527994,normal,0
49843.25357,961.9518311,429.4471584,0.005751541,1.00098E+12,0.261569321,Double Spending,1
49759.73291,1129.439188,470.376787,5.60E-05,9.98777E+11,0.443844225,normal,0
49654.32431,1102.720021,488.4799643,0.000150372,1.00086E+12,0.500314773,normal,0
49680.24739,1056.51599,523.1030447,0.00012215,9.97918E+11,0.509297925,normal,0
49890.29519,1088.920534,444.9922884,7.92E-05,9.99912E+11,0.447786843,normal,0
49617.07804,1132.576254,586.9449832,0.000142339,9.98311E+11,0.419362307,normal,0
50098.99823,1382.806271,511.1619457,7.25E-05,1.00221E+12,0.493046771,normal,0
49679.20945,1332.251843,425.1735372,1.66E-05,9.99887E+11,0.508283257,normal,0
49452.51944,1073.734662,364.8383854,6.17E-06,9.99522E+11,0.457640142,normal,0
50034.04607,1083.906489,480.6450149,7.49E-05,9.9974E+11,0.543221669,normal,0
49762.39628,1044.75759,540.4028899,0.000149843,1.00138E+12,0.403341211,normal,0
50214.06126,481.7915416,523.6203139,5.72E-05,9.99678E+11,0.529497146,normal,0
49542.68164,1037.321825,491.2057094,0.0001041,1.00013E+12,0.612790899,normal,0
49944.98159,930.1484591,524.8349612,6.75E-05,9.99366E+11,0.528580329,normal,0
49936.39671,638.591721,433.4647434,0.003347109,1.00032E+12,0.451768643,Double Spending,1
49916.77161,830.6077303,462.7548678,7.30E-05,9.99777E+11,0.476893052,normal,0
49705.20029,1065.159263,548.409233,8.30E-05,9.9891E+11,0.535116547,normal,0
49492.505,1121.579302,608.5471359,6.33E-05,9.99588E+11,0.38725039,normal,0
49577.02031,1104.567098,444.7147666,0.000197708,9.99703E+11,0.636970111,normal,0
50248.11157,955.07337,474.5518187,0.000169417,9.99841E+11,0.591891485,normal,0
49433.26532,921.3322375,533.893766,0.000130986,9.98745E+11,0.36343826,normal,0
49740.9306,899.0450158,389.0349814,0.000108888,9.99518E+11,0.660757831,normal,0
49728.47749,1431.461643,401.4948091,1.65E-06,1.00089E+12,0.330932837,normal,0
49849.05192,945.0309399,391.1016134,0.001910472,9.98593E+11,0.609898336,Double Spending,1
49563.98844,715.6378667,544.3443695,3.53E-05,9.99907E+11,0.426097134,normal,0
49960.68315,500.118857,419.6220068,7.34E-05,9.98564E+11,0.392980844,normal,0
49555.36311,887.1842739,567.0225223,0.000119896,9.98402E+11,0.468264951,normal,0
49887.01314,1139.277489,481.536143,6.14E-05,1.00146E+12,0.450346826,normal,0
49893.75243,987.2852922,558.3754911,7.45E-05,1.00042E+11,0.36810315,51% Vulnerability,1
49735.60929,1079.844625,438.2825564,0.000128144,1.00192E+12,0.522668425,normal,0
50086.89436,776.0660211,472.86631,0.000141017,1.00073E+12,0.384358418,normal,0
49466.70174,862.1624364,412.5734013,3.00E-05,1.00119E+12,0.250193898,normal,0
49487.25869,1129.096836,580.6139129,0.000144853,1.00002E+12,0.480307819,normal,0
50021.87736,1076.38709,632.2171674,7.56E-05,1.00042E+12,0.496607477,normal,0
49303.52592,809.3342783,574.3623078,0.000153069,9.99783E+11,0.372576788,normal,0
49894.07147,724.1361544,536.940524,8.50E-05,1.00043E+12,0.364142598,normal,0
49773.2473,1150.668324,530.336153,3.81E-05,9.97296E+11,0.587074664,normal,0
49983.09537,997.8265726,2022.058931,0.000125214,9.99987E+11,0.578335871,DDOS,1
49459.00889,1138.621121,481.5236536,0.000175171,9.99612E+11,0.663579781,normal,0
49456.40719,990.4577288,514.3562083,0.000136594,9.98761E+11,0.519791667,normal,0
50074.85503,1097.300329,507.5878996,0.000157695,9.98523E+11,0.469643567,normal,0
49589.20761,1168.12871,488.7572009,0.000113022,9.99034E+11,0.39078788,normal,0
49637.30523,1183.845787,460.7006984,2.26E-05,9.99516E+11,0.481407552,normal,0
49879.10099,760.8233876,472.0849123,9.52E-05,9.99482E+11,0.51469353,normal,0
50260.56769,925.0931698,548.5158101,0.000114923,99791761477,0.395284243,51% Vulnerability,1
49657.41478,1103.187844,517.0294608,8.11E-05,9.9811E+11,0.611924492,normal,0
49454.43022,966.5763839,548.7598815,6.97E-05,9.99888E+11,0.394491063,normal,0
50242.1483,1238.129255,431.8412998,0.000111211,9.98092E+11,0.541477289,normal,0
49657.98069,622.0918538,522.0970325,1.87E-06,9.98826E+11,0.564600619,normal,0
49635.58327,893.4598321,453.7883428,3.73E-05,1.00008E+12,0.622999037,normal,0
50327.10104,924.1744518,516.3372382,0.000149829,1.00059E+12,0.581398086,normal,0
50272.88637,1515.941868,385.1909523,0.000147765,9.98828E+11,0.583776422,normal,0
50090.01927,1065.115563,2506.712447,0.000103117,1.00084E+12,0.572413656,DDOS,1
49994.00757,725.6197714,537.2095986,0.000110116,9.99654E+11,0.564558771,normal,0
49917.44962,1323.075138,546.0900751,1.59E-05,9.98627E+11,0.520084509,normal,0
50238.80392,1163.55326,512.3252389,0.00016629,9.99211E+11,0.559253031,normal,0
49892.90378,1056.657574,437.7141312,0.000143082,1.00145E+12,0.508451848,normal,0
49692.3715,1098.806037,558.6562319,7.67E-05,1.00205E+12,0.614967202,normal,0
49925.80839,992.5555527,480.4175716,7.21E-05,9.99817E+11,0.404243104,normal,0
50017.27709,826.1426026,2757.534723,0.00011802,1.00097E+12,0.459019876,DDOS,1
49575.55685,1247.656614,532.5225046,9.45E-05,1.00164E+12,0.44381579,normal,0
50049.17742,1149.322273,2475.741507,4.87E-05,1.00018E+12,0.36641376,DDOS,1
49813.29246,1117.715681,521.0793305,1.24E-05,9.99421E+11,0.331533242,normal,0
49726.20469,1185.568026,559.6253756,0.000112574,1.00036E+12,0.475224758,normal,0
50182.00454,833.5288854,533.6286851,3.18E-05,1.00068E+12,0.416393785,normal,0
49765.88839,1326.686306,499.0645622,9.74E-05,9.99935E+11,0.618012817,normal,0
49810.01406,836.3602233,534.1784662,0.000111114,1.00046E+12,0.397259645,normal,0
49757.81501,1370.818513,561.790581,0.000136074,1.00105E+12,0.629274529,normal,0
49663.76917,965.47454,495.581852,2.65E-05,1.00126E+12,0.30632473,normal,0
50082.27087,1105.938551,496.2024488,7.68E-05,1.00016E+12,0.551799478,normal,0
50264.18086,803.5025213,519.6207984,7.37E-05,9.99542E+11,0.602151539,normal,0
49676.17814,889.9389692,494.6348928,9.63E-05,1.00078E+12,0.626765151,normal,0
49999.18156,829.5550714,2385.293187,4.61E-05,9.99158E+11,0.758790897,DDOS,1
49965.62811,647.8382376,502.4886844,0.000144685,9.99778E+11,0.660952067,normal,0
49923.86011,799.9337351,431.119125,0.000125279,1.00016E+12,0.588915382,normal,0
49623.47906,794.6969401,584.752552,0.000139453,9.99919E+11,0.489273523,normal,0
50147.01464,1178.984875,494.8389124,0.000137896,1.00082E+12,0.448762576,normal,0
49855.05053,1078.934306,469.1373407,0.000107903,1.0007E+12,0.496366939,normal,0
49902.18498,1006.805917,472.1434714,0.009395846,9.9994E+11,0.51247521,Double Spending,1
50517.73955,1192.775823,493.0276862,0.000178906,9.97924E+11,0.609606991,normal,0
50214.51664,1111.562061,557.0074519,3.01E-05,9.99784E+11,0.535697276,normal,0
49761.94055,1044.890364,476.3080326,0.000177708,1.00124E+12,0.465940129,normal,0
50198.69838,1217.179113,564.0821898,0.000154135,9.99276E+11,0.595526924,normal,0
49932.43613,994.7478413,487.3024147,1.10E-05,99904684385,0.465817818,51% Vulnerability,1
49639.87212,1204.812505,534.6739456,8.14E-05,9.99896E+11,0.567091125,normal,0
49646.7097,894.2766637,520.919911,6.46E-05,9.97922E+11,0.282178868,normal,0
49535.50959,1039.582157,416.8754006,5.00E-06,1.00005E+12,0.560890536,normal,0
49713.92332,776.0765133,513.0140253,9.80E-05,9.99694E+11,0.485674108,normal,0
50226.78555,1056.238285,513.8688469,0.000122919,1.0017E+12,0.470081823,normal,0
50518.2069,1218.262024,620.6307711,4.39E-06,9.996E+11,0.565230615,normal,0
50694.55849,1463.865908,440.9593592,0.000163185,9.98824E+11,0.569276903,normal,0
50728.86106,1078.663568,555.7160847,5.77E-05,1.00049E+12,0.610583307,normal,0
49881.84061,814.4893338,507.4670956,0.00503108,9.98892E+11,0.503678283,Double Spending,1
49835.78816,1126.162337,414.6321021,7.38E-05,1.0003E+12,0.462436633,normal,0
50270.94966,1151.831032,435.3363521,6.08E-05,9.99057E+11,0.459311476,normal,0
49447.47754,1049.876737,503.7716819,8.99E-05,1.00016E+12,0.549470565,normal,0
49462.77887,1101.567151,495.9238663,0.00018277,1.00129E+12,0.472049254,normal,0
50393.83364,962.9424682,469.1174052,0.000104588,9.98229E+11,0.535625279,normal,0
49832.46705,961.2681081,432.3664857,4.11E-05,1.00028E+12,0.632527609,normal,0
49773.33737,975.6504983,576.6863855,0.00018909,9.99367E+11,0.521139657,normal,0
49630.69066,906.7926996,501.6398498,3.60E-05,1.00131E+12,0.454023538,normal,0
49493.6558,888.9600947,429.6841268,0.000114829,9.99698E+11,0.568136233,normal,0
49519.06789,863.7896685,503.8425941,0.000129101,9.97507E+11,0.44539582,normal,0
49407.62502,1359.537305,563.285392,0.000154088,1.00069E+12,0.409932862,normal,0
49654.93715,1017.228777,419.671145,8.56E-05,1E+12,0.739210964,normal,0
49682.60053,1237.47721,539.5185948,0.000133947,9.96992E+11,0.61218615,normal,0
50305.45572,1188.154238,637.9830019,7.50E-05,9.99878E+11,0.619311295,normal,0
49814.90125,1036.910261,473.6982579,6.91E-05,1.0003E+12,0.487597861,normal,0
49546.22093,730.5747421,455.0607976,0.000152086,1.00054E+12,0.548618479,normal,0
50115.37644,843.0203374,499.7201991,4.99E-05,9.99321E+11,0.439199386,normal,0
49554.62596,1240.082782,490.5439805,9.35E-05,9.9972E+11,0.294964254,normal,0
49596.42969,787.5212944,437.1746553,5.18E-05,9.97613E+11,0.582805881,normal,0
49475.34,982.0528611,486.5734676,0.00012316,1.00043E+12,0.440337094,normal,0
49968.69539,1583.634711,2544.935577,7.46E-05,9.98441E+11,0.373723022,DDOS,1
49488.68178,864.7215396,392.4092299,0.000142409,9.99204E+11,0.447436907,normal,0
50352.53252,758.0717963,582.1336477,0.000187368,1.00051E+12,0.715492868,normal,0
50165.71249,932.5828058,576.6716851,0.000122344,1.00054E+12,0.595783963,normal,0
49940.63335,1080.746018,523.6816038,0.000208253,9.98429E+11,0.400641048,normal,0
50338.98318,1035.97883,540.3561298,1.19E-05,1.00086E+12,0.520947008,normal,0
50285.21251,1087.387634,601.2154812,7.07E-05,9.992E+11,0.500161903,normal,0
49929.00546,1057.173078,516.5990165,5.02E-05,1.00084E+12,0.529089706,normal,0
49919.75453,1209.772828,363.0429897,8.37E-05,1.00187E+11,0.634514762,51% Vulnerability,1
50006.91866,1144.476272,485.3016526,0.000148921,1.00086E+12,0.599378221,normal,0
49788.08493,1275.141363,537.7145665,2.42E-05,1.00084E+12,0.694519507,normal,0
49358.78443,1265.830506,507.3396506,5.52E-05,9.99123E+11,0.417538775,normal,0
49589.02321,1147.368779,550.8830733,0.000133271,1.00163E+12,0.434431228,normal,0
49820.11927,1244.206739,492.2050911,4.75E-05,1.00057E+12,0.666373283,normal,0
50006.51131,985.9002444,484.0076238,7.94E-05,9.98903E+11,0.502620475,normal,0
49294.51573,1064.615855,524.9842555,0.000188059,9.9935E+11,0.426576668,normal,0
49798.31882,1109.346714,457.4296783,0.000106553,9.98196E+11,0.528918367,normal,0
49605.68484,712.3444043,618.1936247,5.48E-05,9.99839E+11,0.42648832,normal,0
49654.13358,1412.300715,476.0581272,0.000135636,1.0007E+12,0.331149481,normal,0
50024.11433,868.192145,2227.088546,0.000146284,1.00096E+12,0.702259023,DDOS,1
50226.38085,998.1762007,484.1142452,2.26E-05,1.00059E+12,0.451588151,normal,0
50199.4609,1021.075101,465.2643434,0.000107063,9.99285E+11,0.438641239,normal,0
49542.36053,1300.26673,478.9619103,0.00012862,9.9976E+11,0.565233034,normal,0
50021.94511,1199.66218,602.8271782,0.000125298,1.00028E+12,0.533443851,normal,0
49832.0118,948.5246925,548.2425817,0.000161544,1.00212E+12,0.321884159,normal,0
49604.21865,834.4819559,478.1617881,6.86E-05,1.00089E+12,0.519259692,normal,0
49952.31619,1206.056691,512.6869831,6.15E-05,9.99661E+11,0.542069963,normal,0
49459.18593,892.9529577,513.0160919,0.000178171,9.98701E+11,0.587616917,normal,0
49780.30823,893.8262454,482.5341602,0.000119458,1.00135E+12,0.348811658,normal,0
50306.91172,1033.872165,537.0412173,0.000161154,9.98736E+11,0.571841742,normal,0
49705.78234,878.4356026,487.2522103,3.22E-05,9.98141E+11,0.365893529,normal,0
50177.57318,696.851177,493.9809418,0.000104284,9.99597E+11,0.471320576,normal,0
50012.144,906.4597597,491.5928091,7.42E-05,1.00119E+12,0.510744437,normal,0
49608.71588,1402.67745,598.8220292,9.53E-05,9.99403E+11,0.488535916,normal,0
49677.93495,1060.35838,449.8021314,6.33E-05,9.9941E+11,0.366538939,normal,0
49512.07724,938.444353,581.9982265,0.000132576,1.0017E+12,0.50443588,normal,0
49699.91994,859.975837,509.7303728,0.000170523,9.98939E+11,0.392332087,normal,0
50064.70937,652.0572442,525.0422237,6.84E-05,1.0004E+12,0.616283858,normal,0
49625.771,1006.40083,479.6481844,2.44E-06,9.99651E+11,0.29096971,normal,0
49745.0448,1168.124005,488.5100185,0.000120024,1.00032E+12,0.497943944,normal,0
50020.0602,861.5298452,2302.41823,5.77E-05,1.0006E+12,0.337299508,DDOS,1
49578.21908,871.2900335,599.6257677,0.000179492,9.99154E+11,0.573100063,normal,0
49984.40027,934.10214,521.5815815,0.003302012,1.00069E+12,0.303267494,Double Spending,1
50144.65161,604.9066867,604.4769361,8.06E-05,1.00119E+12,0.182957426,normal,0
49822.17506,1012.376671,505.1429289,0.007952544,1.0017E+12,0.50827729,Double Spending,1
50405.36891,726.0394041,530.0603374,7.72E-05,9.99673E+11,0.446069499,normal,0
49745.06161,1052.134753,518.4821096,9.25E-05,1E+12,0.529657694,normal,0
49535.36659,992.8717035,525.7127378,0.000167772,9.98904E+11,0.362616518,normal,0
49570.94814,515.1519479,443.8727597,5.48E-05,1.00156E+12,0.487665594,normal,0
50122.93928,1010.04554,2747.563829,7.86E-05,9.98927E+11,0.386616964,DDOS,1
49556.18775,1141.671289,462.3921797,0.000147066,1.00066E+12,0.550325206,normal,0
49428.2935,980.9408935,487.6968756,0.00012994,1.00018E+12,0.459069153,normal,0
49520.94493,926.5944322,541.3023586,8.94E-05,1.00034E+12,0.50693698,normal,0
49811.93676,647.8474482,655.4959278,1.84E-05,1.00059E+12,0.734365405,normal,0
49504.63939,986.8499478,465.378951,7.60E-05,1.00139E+12,0.459820497,normal,0
50286.17452,1082.759819,509.8657854,9.68E-05,9.9924E+11,0.577179618,normal,0
49635.56525,834.6239292,486.4172445,0.000152906,1.00089E+12,0.596956903,normal,0
49961.96221,716.3268534,525.0332861,4.02E-05,1.00052E+12,0.422822804,normal,0
49700.741,1282.444111,465.5136113,8.79E-05,1.00026E+12,0.330772917,normal,0
49970.67699,1170.044348,597.9173727,0.000123972,9.99367E+11,0.605389155,normal,0
49341.60218,1128.168572,456.6912576,3.44E-05,1.00147E+12,0.403579993,normal,0
49893.85836,1015.727038,518.8550197,0.000128656,1.00026E+12,0.419482825,normal,0
49473.34282,955.8071652,498.3385005,0.000137839,9.99951E+11,0.514583647,normal,0
50046.62512,864.4510059,471.7612998,0.000174456,1.0022E+12,0.38782489,normal,0
49905.2917,1155.023024,577.016199,9.23E-05,1.00284E+11,0.45013661,51% Vulnerability,1
49828.08709,1221.105187,529.6778361,8.61E-05,1.00103E+12,0.451229463,normal,0
49621.49603,1084.833189,479.4592856,0.000106177,1.0009E+12,0.278165224,normal,0
49477.46216,1129.741978,511.9184491,1.23E-05,9.98859E+11,0.347283214,normal,0
49758.6167,969.9888826,559.4456686,0.000173847,1.00122E+12,0.317891393,normal,0
49677.95281,1024.006265,489.5389063,0.000167074,9.99362E+11,0.415567596,normal,0
49659.2927,1111.246002,520.2147377,8.58E-05,1.00189E+12,0.308593993,normal,0
49486.15614,728.0287718,493.1275743,6.98E-05,1.00109E+12,0.436997502,normal,0
49608.9626,1199.209537,437.3803278,6.35E-05,9.99419E+11,0.473725325,normal,0
49927.61504,1178.982111,501.1597989,0.007453269,9.99778E+11,0.663673996,Double Spending,1
49913.34902,1122.754171,470.6792426,0.004386813,9.99398E+11,0.651544481,Double Spending,1
50468.16977,1167.698155,512.1976599,8.94E-05,9.98628E+11,0.552689792,normal,0
49876.45651,730.804064,484.5758606,9.62E-05,1.0007E+12,0.670410208,normal,0
49555.52266,1265.638828,521.8369276,4.19E-05,9.99268E+11,0.575648835,normal,0
49636.73789,933.0449336,472.5221432,0.00016998,9.99521E+11,0.571573424,normal,0
49563.86803,927.0094541,466.214596,0.00012456,1.00035E+12,0.41543269,normal,0
50415.16951,1247.218635,490.4486119,0.000113503,9.98816E+11,0.503556607,normal,0
50161.46082,1249.548415,470.8620671,0.00019243,1.00002E+12,0.469035029,normal,0
49430.38141,799.675998,507.9928196,0.000116693,1.00138E+12,0.583966386,normal,0
49879.73115,1117.33876,464.5210073,2.12E-05,9.98158E+11,0.317923972,normal,0
50017.92249,888.9045762,524.4593565,6.00E-06,1.00057E+12,0.521066847,normal,0
50555.12755,1191.340463,529.5907067,0.000114436,9.98577E+11,0.430050478,normal,0
50226.41218,1107.751198,502.0459588,7.36E-05,9.99144E+11,0.443442363,normal,0
50163.89242,1487.950481,490.3086931,8.46E-05,9.99842E+11,0.442935957,normal,0
49895.71112,1017.681377,411.1882384,0.00014502,1.00096E+12,0.526784364,normal,0
49524.46724,1241.301793,509.4790808,0.000160004,9.99612E+11,0.401534522,normal,0
49890.0584,887.1504803,524.6009424,0.000214083,9.98384E+11,0.443055023,normal,0
49458.57398,798.0538591,513.1743608,4.62E-05,9.97369E+11,0.495103497,normal,0
50207.74552,1034.083244,529.4276635,8.97E-05,1.00085E+12,0.570149478,normal,0
49716.44976,1116.419541,472.5856352,0.000137875,9.99295E+11,0.530524313,normal,0
49993.67259,1054.623687,505.6697196,5.95E-05,1.00193E+11,0.37318632,51% Vulnerability,1
49714.31994,984.0717218,475.3438589,4.87E-05,1.00128E+12,0.482961423,normal,0
50382.07249,1053.478463,494.837262,0.000116709,9.9985E+11,0.51263142,normal,0
49632.2713,1061.766603,552.5973809,0.000142099,9.99137E+11,0.237518294,normal,0
49809.36653,1022.820298,508.0849263,0.002752499,1.00011E+12,0.545061305,Double Spending,1
49553.66738,1232.947871,496.8904492,0.000106715,1.0018E+12,0.511582459,normal,0
49560.76344,910.7132771,506.1602403,0.000122864,9.99545E+11,0.515449367,normal,0
49771.48862,988.4762406,492.4363358,0.000118437,1.00059E+12,0.534405392,normal,0
50055.29416,1138.323715,486.1664114,0.000147624,99969388025,0.450232748,51% Vulnerability,1
49528.11702,1009.28731,568.6829273,9.08E-05,1.00205E+12,0.340212787,normal,0
50634.68239,1026.708181,521.9237869,0.000113201,9.99797E+11,0.476869906,normal,0
49936.56986,1127.735428,519.5563938,0.000104658,1.00076E+11,0.782433059,51% Vulnerability,1
50276.97225,980.3320746,561.9473176,6.66E-05,1.00107E+12,0.682054391,normal,0
49507.28633,1029.342737,525.0547085,0.000110564,9.99195E+11,0.512626774,normal,0
50519.25044,1141.621735,533.6430618,0.000136625,1.00104E+12,0.647103469,normal,0
49480.35455,1305.693685,474.7910084,0.000152435,1.00202E+12,0.56276063,normal,0
49485.92342,1127.03436,487.4976743,0.000101195,1.00012E+12,0.461505711,normal,0
49699.66621,798.6914869,432.4462817,0.000122908,9.99143E+11,0.486148776,normal,0
50299.17412,982.3435903,427.8072592,5.55E-05,9.98957E+11,0.538638265,normal,0
50069.42134,859.6016624,476.1889563,7.92E-05,1.0001E+12,0.465483529,normal,0
50347.04499,977.7547877,488.5700042,0.000117625,9.99617E+11,0.435833318,normal,0
49463.69979,1107.659216,517.3838242,7.58E-05,9.99603E+11,0.484169452,normal,0
50237.04074,994.9946083,444.4271022,9.53E-05,9.99548E+11,0.439164924,normal,0
50323.76925,988.8461845,530.1593716,4.47E-05,1.00081E+12,0.419771997,normal,0
49795.61493,993.3746054,453.2280649,0.00023104,9.98224E+11,0.297820136,normal,0
49619.29256,928.1415818,446.6098539,8.99E-05,9.98724E+11,0.518568858,normal,0
49731.00252,1115.926635,528.5306499,7.40E-05,1.00024E+12,0.572906365,normal,0
49928.54958,948.1915708,554.2893162,7.72E-05,9.99876E+11,0.588114672,normal,0
49495.60724,1411.241426,533.9686641,4.53E-06,1.00051E+12,0.508450515,normal,0
50073.45903,1122.554781,393.2162893,9.60E-05,1.00001E+12,0.569047269,normal,0
50327.11478,1006.816694,533.5240309,0.00010426,9.99836E+11,0.360726453,normal,0
49536.03595,1432.650945,565.7457227,0.000163744,9.98828E+11,0.453541892,normal,0
49919.10236,1015.115275,467.7829866,9.16E-05,1.00037E+11,0.517962227,51% Vulnerability,1
50125.76042,1138.014735,412.8614013,9.51E-05,99876844474,0.350596221,51% Vulnerability,1
50014.73812,1102.78157,551.0691648,0.000213572,1.00049E+12,0.423313596,normal,0
50283.87076,1186.863982,500.9573889,8.32E-05,1.00071E+12,0.39138737,normal,0
49590.90495,1176.809079,454.1248589,0.000158638,9.9847E+11,0.530904744,normal,0
49541.03392,949.8333967,509.9474073,6.51E-06,1.00019E+12,0.458056525,normal,0
50283.98973,1038.67589,481.0710128,4.96E-05,1.00049E+11,0.425483223,51% Vulnerability,1
49387.66721,1315.490656,419.9017094,9.97E-05,1.00102E+12,0.538343503,normal,0
50023.13552,901.2486834,454.0307704,8.58E-05,9.99052E+11,0.551406255,normal,0
